EdgeRatio,1,2
runTimes,11.598150968551636,24.35710597038269
edgeCounts,9689,13928
nodeCounts,829,1129
groundTruths,0.051461804280810944,0.046396107771265606
